Variant,Model,MAE_Baseline,RMSE_Baseline,R2_Baseline,MedAE_Baseline,Test_Records,MAE_Control,RMSE_Control,R2_Control,MedAE_Control,Train_Athletes,Test_Athletes,Train_Sessions,Test_Sessions,MAE_Difference,RMSE_Difference,R2_Difference,MedAE_Difference
Variant_A,Ridge,0.0016252766787968,0.0023787376460459,0.9999999977638162,0.0010697707007807,33496,0.00022734393137579416,0.0003261334191780777,0.9999999999578609,0.00015341145139302625,3716,929,762054,217618,-0.001397932747421006,-0.0020526042268678222,2.194044723680122e-09,-0.0009163592493876738
Variant_A,RandomForest,0.0025746015069246,0.0237695710027507,0.9999997767162622,0.0011083167082688,33496,0.00045754855169474686,0.008807052368306168,0.9999999692704772,0.00012944891571464723,3716,929,762054,217618,-0.002117052955229853,-0.014962518634444531,1.9255421501718217e-07,-0.0009788677925541528
Variant_A,XGBoost,0.305781400697085,0.8670573908836952,0.999702894907595,0.1809986165364563,33496,0.3175245102870557,1.0831418417982,0.9995352008501666,0.17548791503907069,3716,929,762054,217618,0.011743109589970713,0.2160844509145048,-0.0001676940574284469,-0.005510701497385612
Variant_B,Ridge,7.05597638034333,10.327051919214684,0.957852955333644,4.644302695372474,33496,7.181835209659616,10.30261268701864,0.9579477337056778,4.846293376545816,3716,929,762054,217618,0.1258588293162859,-0.024439232196044713,9.477837203375472e-05,0.20199068117334207
Variant_B,RandomForest,6.619325312409631,9.812889689697146,0.961945305464881,4.376061687982087,33496,6.007608378234645,8.997235202115563,0.9679289774883892,3.8538033331646204,3716,929,762054,217618,-0.6117169341749866,-0.8156544875815825,0.005983672023508246,-0.5222583548174669
Variant_B,XGBoost,6.54566679547873,9.6800973771895,0.9629682821488046,4.328916137695288,33496,6.4017374558638025,9.299423804721869,0.9657384710514406,4.325390136718752,3716,929,762054,217618,-0.14392933961492727,-0.38067357246763045,0.0027701889026360282,-0.003526000976535215
Variant_C,Ridge,12.79124131166245,17.59751038601092,0.8776181914209791,9.792006644205088,33496,12.463587661071683,17.56143125355179,0.8778159616802498,9.092547596338349,3716,929,762054,217618,-0.3276536505907668,-0.036079132459132524,0.00019777025927070202,-0.6994590478667391
Variant_C,RandomForest,10.35913647938562,14.803196153061664,0.9133985039865,7.422102207185432,33496,9.178537671260793,13.753791651097682,0.9250555388459205,5.951421153369097,3716,929,762054,217618,-1.1805988081248273,-1.0494045019639824,0.01165703485942049,-1.4706810538163353
Variant_C,XGBoost,10.289058858395236,14.492549625616316,0.916995048734142,7.342608256022146,33496,9.863526452470829,14.117004520260743,0.9210449765920151,6.863267008463524,3716,929,762054,217618,-0.42553240592440744,-0.37554510535557384,0.00404992785787317,-0.4793412475586223
