Variant,Model,MAE,RMSE,R2,MedAE,Train_Athletes,Test_Athletes,Train_Sessions,Test_Sessions
Variant_A,Ridge,0.00022734393137579416,0.0003261334191780777,0.9999999999578609,0.00015341145139302625,3716,929,762054,217618
Variant_A,RandomForest,0.00045754855169474686,0.008807052368306168,0.9999999692704772,0.00012944891571464723,3716,929,762054,217618
Variant_A,XGBoost,0.3175245102870557,1.0831418417982,0.9995352008501666,0.17548791503907069,3716,929,762054,217618
Variant_B,Ridge,7.181835209659616,10.30261268701864,0.9579477337056778,4.846293376545816,3716,929,762054,217618
Variant_B,RandomForest,6.007608378234645,8.997235202115563,0.9679289774883892,3.8538033331646204,3716,929,762054,217618
Variant_B,XGBoost,6.4017374558638025,9.299423804721869,0.9657384710514406,4.325390136718752,3716,929,762054,217618
Variant_C,Ridge,12.463587661071683,17.56143125355179,0.8778159616802498,9.092547596338349,3716,929,762054,217618
Variant_C,RandomForest,9.178537671260793,13.753791651097682,0.9250555388459205,5.951421153369097,3716,929,762054,217618
Variant_C,XGBoost,9.863526452470829,14.117004520260743,0.9210449765920151,6.863267008463524,3716,929,762054,217618
