source_zip,reason
0027fd73-2e77-48c8-8a95-7f82d24f5bdb.zip,Brak danych o mocy (power): 1
00c3c69c-7ab1-4c1a-b019-99510ddabb70.zip,
01c510a5-0b25-4856-ace8-352a6f2e9db6.zip,Zbyt krótka sesja (< 30 min): 2
03239396-35ee-484d-b5fb-323cceabdcdc.zip,
034bf84e-090f-4551-86e9-c2651585e2a5.zip,Zbyt krótka sesja (< 30 min): 11
04e1824a-f10d-4528-ad3e-9ce3e68361f5.zip,Brak danych o mocy (power): 54; Zbyt krótka sesja (< 30 min): 5
0541c44c-8161-42bb-8a10-f2dd5ad0b169.zip,Brak danych o mocy (power): 18; Zbyt krótka sesja (< 30 min): 1
0571da8b-69a6-41b7-a477-583d3291be0f.zip,Brak danych o mocy (power): 76; Zbyt krótka sesja (< 30 min): 8
065cb12b-37b2-4fe0-94c5-9fa75e24ac82.zip,Wszystkie zaakceptowane sesje poza zakresem FTP 50--500 W
06bd6cb5-f9bd-42c6-8694-e3c23a1e66dc.zip,
0705b937-74cc-446b-84da-05a1d56266cc.zip,Brak danych o mocy (power): 7; Zbyt krótka sesja (< 30 min): 1
092dd530-b6c7-4f3c-885f-f6af1d331cfa.zip,Brak danych o mocy (power): 601; Zbyt krótka sesja (< 30 min): 36
09407f03-8a99-499c-9830-5c657b2dd383.zip,Brak danych o mocy (power): 119; Zbyt krótka sesja (< 30 min): 2
09429d73-4f0b-4ba6-9617-bab144e18d61.zip,Brak danych o mocy (power): 49; Zbyt krótka sesja (< 30 min): 3
09a9a280-347c-4ad4-88c0-67101b9e3727.zip,Zbyt krótka sesja (< 30 min): 1
0b37c331-8030-4509-bbd4-5e3df2272360.zip,
0c071b43-d936-4518-b757-d14ca13066fa.zip,Brak danych o mocy (power): 579; Zbyt krótka sesja (< 30 min): 484
0c38c90b-3c9e-4ebd-94ef-70d847b7e9c8.zip,Zbyt krótka sesja (< 30 min): 2
0ccfdd09-8b5e-42a0-bd3a-705d4ca2df77.zip,Brak danych o mocy (power): 27
0daa3301-f663-4f65-b408-9c3378126c3a.zip,Brak danych o mocy (power): 32; Zbyt krótka sesja (< 30 min): 9
0df2a7da-7503-468a-9aeb-014df3f1a2b6.zip,Brak danych o mocy (power): 12
0ed25ba8-ab07-45e8-a762-52efdb0dd6ef.zip,Brak danych o mocy (power): 6; Zbyt krótka sesja (< 30 min): 2
0f61b4b1-ea87-4ad7-8c1c-19180e8dc478.zip,
11a29169-5006-4898-bc11-505eece29ece.zip,
11a9a286-71ac-4e58-a3c6-34149313a99b.zip,Brak danych o mocy (power): 242; Zbyt krótka sesja (< 30 min): 16
11feb32d-248e-4006-8947-6f30bc96931c.zip,
12bdfde5-5a20-4246-a82d-4488aac5c15b.zip,
14219f16-1f76-4650-8076-5a22a5d7e1f6.zip,
155a5642-0200-47a9-8e21-36806962bf07.zip,
1641ba5f-dae5-497c-af12-446096bff3ff.zip,Brak danych o mocy (power): 981; Zbyt krótka sesja (< 30 min): 1233
1733dbe6-cfef-40f5-8e33-a1a0659c8815.zip,Brak danych o mocy (power): 42; Zbyt krótka sesja (< 30 min): 1
174e79d3-edf5-4e20-887a-38355658f806.zip,Zbyt krótka sesja (< 30 min): 1
17d9cb01-9599-492a-81fa-6c585027f67f.zip,Brak danych o mocy (power): 38; Zbyt krótka sesja (< 30 min): 27
182461e5-18a9-4eb9-a12e-eb94d2c5e7f2.zip,Brak danych o mocy (power): 15; Zbyt krótka sesja (< 30 min): 1
185ffc16-fc9c-460f-9bc8-24a2b191cc42.zip,
1a49dc1d-1f99-4fd0-ac40-d30c250d85be.zip,Brak danych o mocy (power): 1
1b05c7a7-807a-44f4-86f8-3cf87077adce.zip,Brak danych o mocy (power): 478; Zbyt krótka sesja (< 30 min): 73
1b3b76e7-0c42-4e19-b4b3-287a9f8fec02.zip,Brak danych o mocy (power): 9; Zbyt krótka sesja (< 30 min): 1
1b4cb8a5-583a-4392-9b2f-4cb91fa70191.zip,Brak danych o mocy (power): 217; Zbyt krótka sesja (< 30 min): 33
1b5eb379-c446-4183-b3c8-b9fcd09264f2.zip,
1c940923-214c-467e-aeef-81d92aa50262.zip,Brak danych o mocy (power): 142; Zbyt krótka sesja (< 30 min): 43
1d793265-f1c2-4047-a23a-169cdc7e645b.zip,Zbyt krótka sesja (< 30 min): 13
1e5752cb-433e-481c-bfa6-3daf2967bda2.zip,Brak danych o mocy (power): 489; Zbyt krótka sesja (< 30 min): 21
1fef8ce0-4dc6-4fb1-864f-f839b23b8ef4.zip,Brak danych o mocy (power): 5
20863604-9e10-4b91-99f8-250a6dcba588.zip,Brak danych o mocy (power): 137; Zbyt krótka sesja (< 30 min): 8
2100da96-e3c7-49e9-86e9-dd186ff4ede0.zip,
2247ee56-e590-4bd0-b676-15872ef67de6.zip,Brak danych o mocy (power): 79; Zbyt krótka sesja (< 30 min): 2
228d4b4e-a659-43dd-b229-9180a35351cc.zip,Brak danych o mocy (power): 29; Zbyt krótka sesja (< 30 min): 2
241b238e-f6ad-492d-868e-73c6978b55e8.zip,Brak danych o mocy (power): 2; Zbyt krótka sesja (< 30 min): 3
2436e84b-05d9-43ef-8054-31de8109cebe.zip,
24d385ce-a254-488e-b5d0-18ad4dd6438b.zip,Brak danych o mocy (power): 133; Zbyt krótka sesja (< 30 min): 31
24fdbe1e-2c6c-4fd9-9da0-1adb59c81bea.zip,Brak danych o mocy (power): 38; Zbyt krótka sesja (< 30 min): 2
25721176-15ef-48fc-8031-bfaa77a67f9d.zip,Brak danych o mocy (power): 156; Zbyt krótka sesja (< 30 min): 17
2645df5d-0cde-433e-866a-20fc101b5614.zip,Brak danych o mocy (power): 38
2862838f-1573-4c66-8af3-16c993e46789.zip,Brak danych o mocy (power): 55; Zbyt krótka sesja (< 30 min): 10
28e7ff83-fbc7-4cc3-812b-6c8fa8499456.zip,Brak danych o mocy (power): 15; Zbyt krótka sesja (< 30 min): 1
297905e7-c0b0-4ddd-92f3-7120432eb3d5.zip,Brak danych o mocy (power): 473; Zbyt krótka sesja (< 30 min): 36
2b3357dd-bbd1-468d-b09c-9d9ca44d67e5.zip,Brak danych o mocy (power): 2
2b5e9451-6adb-418c-a4a6-bbd0e5c378ed.zip,Brak danych o mocy (power): 53; Zbyt krótka sesja (< 30 min): 8
2b627dad-c941-40f2-b1b4-3cdfdf204f14.zip,Brak danych o mocy (power): 48; Zbyt krótka sesja (< 30 min): 13
2b7a14f6-8cdb-46ec-9f7f-182b510d6988.zip,Brak danych o mocy (power): 553; Zbyt krótka sesja (< 30 min): 56
2c098c6b-3ae1-409e-9b57-ddc7e313bef4.zip,Brak danych o mocy (power): 280; Zbyt krótka sesja (< 30 min): 6
2c2c6f72-697a-4212-a27e-88b48f935d8d.zip,Zbyt krótka sesja (< 30 min): 8
2e7ab97d-6350-47b1-a349-e7b210d37ab0.zip,Brak danych o mocy (power): 283; Zbyt krótka sesja (< 30 min): 27
2efd6219-4be1-47ed-94f7-986fb8206380.zip,Brak danych o mocy (power): 15
2f982818-3483-41b2-aa1a-af1eeb1f7569.zip,Brak danych o mocy (power): 48; Zbyt krótka sesja (< 30 min): 6
301b5d9f-b265-4c44-a96b-870c5f1d7d54.zip,Brak danych o mocy (power): 229; Zbyt krótka sesja (< 30 min): 1
304141d4-1f7b-4eb8-a7b7-5293b5810d87.zip,
313af1ff-4040-4915-a223-26f35688d23b.zip,Brak danych o mocy (power): 227; Zbyt krótka sesja (< 30 min): 108
322ae7e0-f5fb-4829-a673-74926724cb5f.zip,Brak danych o mocy (power): 73; Zbyt krótka sesja (< 30 min): 14
3309f481-3818-4bd3-b579-6037bdc92d1a.zip,Brak danych o mocy (power): 37
334f5c87-502c-48af-af24-5c075daf3108.zip,Brak danych o mocy (power): 8; Zbyt krótka sesja (< 30 min): 3
33dfe64f-48a1-4671-a26d-7c109420ffbe.zip,Brak danych o mocy (power): 11; Zbyt krótka sesja (< 30 min): 8
34f3789f-d9cb-4151-b2db-2ac310ecfced.zip,Brak danych o mocy (power): 47; Zbyt krótka sesja (< 30 min): 1
35f3759a-cce9-4f8e-a16f-27c7d516e209.zip,Brak danych o mocy (power): 92; Zbyt krótka sesja (< 30 min): 68
368e1c08-e4fb-4850-875e-e52c16732f72.zip,Brak danych o mocy (power): 71; Zbyt krótka sesja (< 30 min): 10
37e99fd5-96ba-4cc8-a65c-bae9168d54a3.zip,
386d1176-a64c-4c01-a7e4-ceaf10071a51.zip,Brak danych o mocy (power): 22
388c5223-1c6a-440f-804c-b412a5fbf581.zip,Wszystkie zaakceptowane sesje poza zakresem FTP 50--500 W
3acf72ef-8997-420d-bc73-a084d97635f6.zip,
3b10a25a-3cdf-4376-8c00-02851743667c.zip,Brak danych o mocy (power): 7
3b9ad814-08c2-4145-8d37-c74c3e89f4b1.zip,Brak danych o mocy (power): 28
3bd660e3-ecc4-492b-a3e6-d0f1e5a8e42f.zip,
3c57ce42-e11c-4a77-aeea-b27ffd2dedd2.zip,Brak danych o mocy (power): 37; Zbyt krótka sesja (< 30 min): 34
3c75f36f-208e-4fb8-be2e-0c3b6688b8a9.zip,Brak danych o mocy (power): 25
3cb3a7cd-6e81-4e67-a71d-721ea1d4340d.zip,Brak danych o mocy (power): 24; Zbyt krótka sesja (< 30 min): 5
3d2a54b0-0bc4-47f7-84aa-90998920b34a.zip,Brak danych o mocy (power): 72; Zbyt krótka sesja (< 30 min): 3
3da00f13-6965-47b1-9feb-3450858a67b8.zip,Brak danych o mocy (power): 375; Zbyt krótka sesja (< 30 min): 117
3da5f2be-4846-42cb-ba30-d9fc33a55b34.zip,Brak danych o mocy (power): 63; Zbyt krótka sesja (< 30 min): 41
3e63cc8f-1622-4245-b630-83eefdcc0bf7.zip,Brak danych o mocy (power): 54; Zbyt krótka sesja (< 30 min): 194
3e6c8073-de67-465c-b28d-9b215ef4627e.zip,Brak danych o mocy (power): 134; Zbyt krótka sesja (< 30 min): 5
3e8dfbc0-4ec2-4aed-9067-effbe072ffae.zip,Brak danych o mocy (power): 3
3ebdc59e-6dc6-4331-9bbd-b7e7eddb4fc6.zip,
3f1cd196-87bd-4461-a344-97366b41265e.zip,Brak danych o mocy (power): 25; Zbyt krótka sesja (< 30 min): 3
3f388182-84a9-44ef-9254-7d57b2831540.zip,
4075b0a4-bfa4-4b7f-be1a-8fce86f3c052.zip,Brak danych o mocy (power): 5; Zbyt krótka sesja (< 30 min): 1
413a381b-0bab-4d2e-9d13-1bb59710e0d6.zip,
41a5bd6a-c27f-4fb3-b8c4-a27da25ff03f.zip,Brak danych o mocy (power): 41; Zbyt krótka sesja (< 30 min): 13
42f41286-f0fa-4ac6-b788-9767ee299ff2.zip,Brak danych o mocy (power): 289; Zbyt krótka sesja (< 30 min): 497
44254b38-0b89-4e2b-8dc4-b5ba11d4ea61.zip,Brak danych o mocy (power): 43; Zbyt krótka sesja (< 30 min): 6
444c968f-c0d9-45b1-9882-4c4de5d554b3.zip,
44763923-7512-48fb-a7b9-2316f3f88474.zip,Brak danych o mocy (power): 146; Zbyt krótka sesja (< 30 min): 38
457af83c-3a46-4dde-a7c5-0f0c05ef06bc.zip,
46567299-5385-40a7-9ba5-9f8710ea9f25.zip,Brak danych o mocy (power): 113; Zbyt krótka sesja (< 30 min): 13
468e295d-42ed-40fb-ae42-4aa9565aaa21.zip,Zbyt krótka sesja (< 30 min): 2
470a8a68-3068-4fd7-9dd3-67d47d5c3adb.zip,Brak danych o mocy (power): 21; Zbyt krótka sesja (< 30 min): 1
48950e04-eb02-421e-8601-937b69d324dd.zip,Brak danych o mocy (power): 107; Zbyt krótka sesja (< 30 min): 7
48b66d8e-fb8d-417b-bc85-72258acd6b43.zip,
49e93e76-4dc9-4983-9a85-608cebc2ca0f.zip,Brak danych o mocy (power): 15; Zbyt krótka sesja (< 30 min): 7
4bd5f981-7518-4348-a43f-0736cdfcebd2.zip,Zbyt krótka sesja (< 30 min): 1
4eacfada-57f0-4887-8382-a84f7ffe1959.zip,Brak danych o mocy (power): 12
5028fd96-e775-4644-8926-8c1e6fe425f3.zip,
505459db-513f-426d-99c1-56145be68354.zip,Wszystkie zaakceptowane sesje poza zakresem FTP 50--500 W
50977ca6-58c0-491c-a948-a51d295eda38.zip,
50abbdb6-6f9a-45f6-808a-f8b242df6cbb.zip,
50b2e441-1464-4907-91f8-2a74785e5632.zip,Brak danych o mocy (power): 54; Zbyt krótka sesja (< 30 min): 1
523b9c21-79ab-4f23-9c98-6986dad12c7b.zip,Brak danych o mocy (power): 42
5297312e-ed3d-48f3-a96d-ed26709639c0.zip,Brak danych o mocy (power): 1
5329a3fc-6ced-4aac-b208-f57dac27ead2.zip,Brak danych o mocy (power): 23; Zbyt krótka sesja (< 30 min): 7
54efcff6-6ef7-4a37-ad7e-bbfd9003c010.zip,
57ae7ebd-84a8-44c4-b501-e26d9fe70938.zip,
58a0a9f5-874c-4f20-be47-d703d81d5bf1.zip,Brak danych o mocy (power): 11; Zbyt krótka sesja (< 30 min): 4
595d6602-2d36-49f3-8d7b-35315157e6f5.zip,Brak danych o mocy (power): 361; Zbyt krótka sesja (< 30 min): 34
595ef1f5-649c-4c22-a0c8-35757365c46a.zip,Brak danych o mocy (power): 107; Zbyt krótka sesja (< 30 min): 38
597d6d41-9b8b-4714-9c96-c33e6d7b0b1e.zip,Brak danych o mocy (power): 44; Zbyt krótka sesja (< 30 min): 2
5ac9109f-eaf8-4a21-b6ef-f3cffaa383e2.zip,Brak danych o mocy (power): 49; Zbyt krótka sesja (< 30 min): 1
5b64901f-bfbd-478b-a3db-82902ffd1949.zip,Brak danych o mocy (power): 1037; Zbyt krótka sesja (< 30 min): 13
5bb50b95-603d-41f1-98bf-e4401f9ed165.zip,Brak danych o mocy (power): 343; Zbyt krótka sesja (< 30 min): 25
5bdd31e4-8908-4351-8815-d4631923b3d9.zip,
5c3d73cd-c304-4da2-88f0-97ef42964f68.zip,Brak danych o mocy (power): 10; Zbyt krótka sesja (< 30 min): 11
5c9a0f4c-5100-4464-bbe2-a8616b64bea2.zip,Brak danych o mocy (power): 867; Zbyt krótka sesja (< 30 min): 137
5e17bce0-c429-44ab-b12c-ce2d56801be1.zip,Brak danych o mocy (power): 301; Zbyt krótka sesja (< 30 min): 71
5f208ede-180e-4bef-b202-6e0a03e8ec24.zip,
5f32af0a-dbfc-4867-b474-edb7dcbb257c.zip,Brak danych o mocy (power): 11
5fcdcd16-bff0-4065-8a2a-0bf9abac6e1c.zip,
6053abd7-c55d-436a-941b-0043f6d9581b.zip,
60cb194a-ba2d-4985-98d4-b459a7e2a830.zip,Brak danych o mocy (power): 17
611b744e-70e5-4641-b1c0-6c45561b054f.zip,Brak danych o mocy (power): 29; Zbyt krótka sesja (< 30 min): 17
611b8a5e-dce2-499b-b900-de0fdf99488f.zip,Brak danych o mocy (power): 309; Zbyt krótka sesja (< 30 min): 149
6227f216-c39d-4b45-8ef9-0f35679d8b47.zip,Zbyt krótka sesja (< 30 min): 1
62556dc0-f16f-4878-8a03-410c831755ca.zip,Brak danych o mocy (power): 1
62dd3ab4-b716-417a-adb3-207458228bd6.zip,Brak danych o mocy (power): 1173; Zbyt krótka sesja (< 30 min): 500
631e2fd1-767d-4f5e-b7d6-3114c8b00831.zip,
64250801-e914-4869-9d04-a3070db2f8bd.zip,Brak danych o mocy (power): 196; Zbyt krótka sesja (< 30 min): 17
64a75712-90e3-4c93-b8f4-5d1db6cf4d92.zip,Brak danych o mocy (power): 211; Zbyt krótka sesja (< 30 min): 2
64e1024a-02aa-41e1-b5af-0b9e9a30ea24.zip,Brak danych o mocy (power): 118; Zbyt krótka sesja (< 30 min): 4
6635a256-4968-4c7a-a236-c665a9b5f1f2.zip,Brak danych o mocy (power): 999; Zbyt krótka sesja (< 30 min): 517
6672ae7d-602b-45a1-b85b-05d063a515ee.zip,
667e3e5d-d4b6-42db-bfcc-7e6d06a6eb67.zip,
66a85690-b65b-4515-a638-d16186db520e.zip,Zbyt krótka sesja (< 30 min): 1
67491fb0-1012-4c6b-b63b-5b3ff55bf2ca.zip,Brak danych o mocy (power): 73
67b985a7-a1f4-4f06-8797-f941f93c69f3.zip,Brak danych o mocy (power): 25
67b9e58f-7277-4795-815b-46726a5f035a.zip,
67c92cfb-edf3-4444-ac3f-8356ccaa666f.zip,
68b8a020-db62-449f-bb82-fa24a6d23e0d.zip,Brak danych o mocy (power): 351; Zbyt krótka sesja (< 30 min): 268
698a8f5c-23b1-469c-83e4-b44f588ab3d9.zip,Brak danych o mocy (power): 56; Zbyt krótka sesja (< 30 min): 60
6a56ffd8-ee99-4b09-b67c-b440dc537390.zip,Brak danych o mocy (power): 609; Zbyt krótka sesja (< 30 min): 174
6a967b94-dd32-472c-91aa-b9e45f038626.zip,Brak danych o mocy (power): 9; Zbyt krótka sesja (< 30 min): 1
6b57d653-bfb9-4ccd-8fdb-53e61c7976cd.zip,
6d48952c-428a-44ab-9bf8-7acbed4f0588.zip,Brak danych o mocy (power): 363; Zbyt krótka sesja (< 30 min): 25
6dd1f513-3eea-46f0-9da9-8d40f002dbf3.zip,Brak danych o mocy (power): 695; Zbyt krótka sesja (< 30 min): 92
6e3848f7-b20a-4ffb-8067-aa4a31244cbd.zip,
6fdcfb12-abd5-45c2-9475-f8b34640388c.zip,Brak danych o mocy (power): 10
70c8a936-6e17-4373-aba3-19f023838519.zip,Brak danych o mocy (power): 153; Zbyt krótka sesja (< 30 min): 28
7156e2a5-43b8-4502-ad1a-a19f67f9e9ca.zip,
71836fc2-26e6-4a2b-87c1-a2383e55d5d1.zip,Zbyt krótka sesja (< 30 min): 1
71ffa0f4-3fb2-4a8a-b76c-f58f13ef6668.zip,Zbyt krótka sesja (< 30 min): 1
721f3199-e662-4598-a2da-593bb37de320.zip,
728a3eab-1573-45d4-bcd3-ecbbe1a06538.zip,Brak danych o mocy (power): 158; Zbyt krótka sesja (< 30 min): 5
73d8a623-f8cc-43c6-9aa3-38773e1a57a7.zip,
75169e79-f452-439f-bd5f-a61e5a672336.zip,Brak danych o mocy (power): 29; Zbyt krótka sesja (< 30 min): 3
755b4aa6-ab65-435c-9368-bf5f55682a91.zip,Brak danych o mocy (power): 11; Zbyt krótka sesja (< 30 min): 2
75e2f94b-cb45-428d-adea-4e21d5722590.zip,Brak danych o mocy (power): 110; Zbyt krótka sesja (< 30 min): 32
779fde5b-3277-45e3-bec9-a8d2b07aa550.zip,Brak danych o mocy (power): 3; Zbyt krótka sesja (< 30 min): 2
77bdaecf-0702-4e2f-87aa-df24856630d2.zip,Brak danych o mocy (power): 14
78297b1d-ae93-4528-af74-676a3f66214e.zip,
791e7b73-dc7c-486c-8f70-0dd6b5250262.zip,Brak danych o mocy (power): 7
797ae843-2a64-4efb-b0b8-c69e5148497f.zip,Brak danych o mocy (power): 50; Zbyt krótka sesja (< 30 min): 7
7a097813-e480-44c2-a98e-82703bc5a89a.zip,Brak danych o mocy (power): 305; Zbyt krótka sesja (< 30 min): 64
7a123aed-1914-49de-89fb-477cf71cd03c.zip,Brak danych o mocy (power): 56; Zbyt krótka sesja (< 30 min): 3
7a56efa5-1795-4362-9d9e-92083977e010.zip,Brak danych o mocy (power): 163; Zbyt krótka sesja (< 30 min): 948
7ab20d6a-aaaa-42d8-90f4-b8f774178724.zip,Zbyt krótka sesja (< 30 min): 2
7ae0c01a-1063-456b-ac8b-01de335a57f9.zip,
7c4979a6-ce92-4ec8-b20a-aece6f66ee34.zip,Brak danych o mocy (power): 45; Zbyt krótka sesja (< 30 min): 3
7c95cc23-9d6f-4e3c-9b71-55ce859a4671.zip,Brak danych o mocy (power): 422; Zbyt krótka sesja (< 30 min): 3962
7ef2139a-6a09-495b-97ab-67e75f14b906.zip,Brak danych o mocy (power): 137; Zbyt krótka sesja (< 30 min): 9
80812046-1377-4934-945d-9b01604b59ed.zip,Brak danych o mocy (power): 197; Zbyt krótka sesja (< 30 min): 145
81085512-c5bd-4b8c-adc6-8d6b0d39d707.zip,Brak danych o mocy (power): 12; Zbyt krótka sesja (< 30 min): 4
813baaa1-16f8-4ad5-99be-f95897701144.zip,
8230bd71-5a7e-4a4a-b35b-0d8312af939b.zip,Zbyt krótka sesja (< 30 min): 1
83390270-4bce-4805-81ac-3c8168f608b6.zip,Brak danych o mocy (power): 159; Zbyt krótka sesja (< 30 min): 52
8401838d-d8d2-41a0-94f3-c2fdfee8ebd1.zip,Brak danych o mocy (power): 23; Zbyt krótka sesja (< 30 min): 6
8468b6bf-1960-462a-a11d-173af38bc186.zip,
8486e6d6-b2bb-411f-94a6-00e18d60a13d.zip,Zbyt krótka sesja (< 30 min): 2
86d4cfe7-16b5-4d41-8461-f5e6cfd387bf.zip,Brak danych o mocy (power): 953; Zbyt krótka sesja (< 30 min): 45
8a82feb5-c8b0-4f7f-974c-f9d3fa72217b.zip,Zbyt krótka sesja (< 30 min): 3
8bd066de-41a2-4934-8658-dd58d64b7f16.zip,Zbyt krótka sesja (< 30 min): 7
8be24463-a681-4dc6-9c7f-ec154957458b.zip,Brak danych o mocy (power): 3; Zbyt krótka sesja (< 30 min): 8
8ccec6c2-fc1e-407a-91ee-43bb2f9c1e6d.zip,Brak danych o mocy (power): 192; Zbyt krótka sesja (< 30 min): 74
8cd132d1-a5c6-48be-82a6-db33bad806db.zip,Brak danych o mocy (power): 44; Zbyt krótka sesja (< 30 min): 1
8d2d399e-b3db-476f-88c9-b80b587f769f.zip,Brak danych o mocy (power): 158; Zbyt krótka sesja (< 30 min): 4
8d4bb8f1-285f-4739-975f-887bbb42fbc3.zip,Brak danych o mocy (power): 867; Zbyt krótka sesja (< 30 min): 16
8fc99601-6515-4791-a8de-20e6d0827748.zip,Brak danych o mocy (power): 281; Zbyt krótka sesja (< 30 min): 69
8fcbd76c-f48f-459a-9094-2248fa59a6f8.zip,Zbyt krótka sesja (< 30 min): 2
906b97ca-fc17-44aa-bcb1-8164aa38e0c2.zip,Zbyt krótka sesja (< 30 min): 4
90b82ce9-fda4-4690-8cd3-762f730dca37.zip,
910c80fe-70b4-4e58-a1e8-4d38abf65dc4.zip,Brak danych o mocy (power): 86; Zbyt krótka sesja (< 30 min): 25
92881be3-ac6e-4c7a-a122-f1bb099e6c9d.zip,
9395e309-32e6-42ee-815c-39a2623ff431.zip,Zbyt krótka sesja (< 30 min): 2
9502fb6b-2acb-4158-b692-c0d989c477c9.zip,Brak danych o mocy (power): 19
9526aacb-2d2f-4db6-be35-4e79f54057f7.zip,
95ad1ed5-49a8-4249-b88b-6fab60f3347b.zip,Brak danych o mocy (power): 20; Zbyt krótka sesja (< 30 min): 2
96869dba-8d09-4b23-a4c8-4e743cc5f2c1.zip,Brak danych o mocy (power): 134; Zbyt krótka sesja (< 30 min): 3
99871b4b-b4e2-4610-920a-52a41c5770c5.zip,Brak danych o mocy (power): 6; Zbyt krótka sesja (< 30 min): 1
9ab38578-ab10-4a37-9ac9-1ed63dadf355.zip,
9af2e4d0-fdef-42c0-9bdf-14aacc3f4e6b.zip,
9b230672-a2a8-4457-b4b7-3965e74f8e01.zip,Brak danych o mocy (power): 4
9b7198b3-85a3-4732-895a-af5d396ee81c.zip,Brak danych o mocy (power): 17; Zbyt krótka sesja (< 30 min): 1
9c0a370f-9eb5-49cb-a6c5-6fb7439ca0ae.zip,Brak danych o mocy (power): 108; Zbyt krótka sesja (< 30 min): 2
9c6b0bab-2a4c-47f6-a5c1-ecaf626475fb.zip,Brak danych o mocy (power): 14
9d4f92bf-229f-4d8e-bb0e-b48af0a9c8f4.zip,Brak danych o mocy (power): 132; Zbyt krótka sesja (< 30 min): 33
9dc60961-7a03-4853-a6bb-2203cb846a11.zip,
9eccc976-c577-41d6-817e-87488af91b46.zip,
9f663ed6-9dfe-4b53-b6c3-94f2fd2e2b38.zip,Brak danych o mocy (power): 121; Zbyt krótka sesja (< 30 min): 29
a0455ed5-61e5-47f6-a3df-549e4dee7770.zip,Brak danych o mocy (power): 194; Zbyt krótka sesja (< 30 min): 18
a1042905-4129-4bb7-a78c-cca24aeb9131.zip,
a2d9c31a-2784-4659-99bc-249a4cbb407d.zip,Brak danych o mocy (power): 217; Zbyt krótka sesja (< 30 min): 57
a4ad324e-9f57-4a29-b109-430d4dc03caa.zip,Brak danych o mocy (power): 653; Zbyt krótka sesja (< 30 min): 103
a4eec58c-7e7c-48fa-9569-fb2f9c46b21d.zip,Brak danych o mocy (power): 3
a59c3477-61ad-4d34-be22-e7ad65970ace.zip,Brak danych o mocy (power): 105; Zbyt krótka sesja (< 30 min): 2
a5e0482c-52b3-468e-aa2c-85543bfe7c2b.zip,Brak danych o mocy (power): 10
a82012f3-ea45-400d-8d80-298aad814c19.zip,Brak danych o mocy (power): 101; Zbyt krótka sesja (< 30 min): 17
a83b809b-8291-41b2-b157-2377e4d6470c.zip,Brak danych o mocy (power): 20; Zbyt krótka sesja (< 30 min): 24
a923b614-14f3-42ed-9fdd-881972883b80.zip,Brak danych o mocy (power): 136; Zbyt krótka sesja (< 30 min): 18
a9591e00-de88-4f58-aa9c-102d970a07be.zip,Zbyt krótka sesja (< 30 min): 1
a9c459b7-65e5-4008-93e8-353e5ff50262.zip,Brak danych o mocy (power): 120; Zbyt krótka sesja (< 30 min): 2
aa3bc982-09a9-4b02-9736-056aaa1d1bd6.zip,Brak danych o mocy (power): 285; Zbyt krótka sesja (< 30 min): 12
aae3b3db-5c2e-4781-8dcf-5580eb11cb1f.zip,Brak danych o mocy (power): 218; Zbyt krótka sesja (< 30 min): 4
aafe51c9-8230-4bed-96fd-cb42d7397268.zip,Brak danych o mocy (power): 8
ab1e3ceb-6301-4533-ab3a-8ae6d3082aee.zip,Brak danych o mocy (power): 470; Zbyt krótka sesja (< 30 min): 57
ab3a1d64-af3d-4cb3-a072-d30190a10706.zip,Brak danych o mocy (power): 51
aba5f0d5-f702-4f50-b633-fe2ade0fabbf.zip,Brak danych o mocy (power): 67; Zbyt krótka sesja (< 30 min): 1
abb91e1c-7832-4a06-96aa-2058d0195908.zip,
ac670d66-e1a8-481c-876c-05100853a09d.zip,
aca933a8-3ff0-4c88-8c2b-57fe91526ceb.zip,Brak danych o mocy (power): 3; Nie można obliczyć FTP (brak pełnego okna MMP20): 20; Zbyt krótka sesja (< 30 min): 7
ad790e51-bdfe-45a3-b7a7-6683497bded6.zip,Brak danych o mocy (power): 324; Zbyt krótka sesja (< 30 min): 7
b050447c-d2d1-4ec8-8550-e47e61c7fd84.zip,Brak danych o mocy (power): 9; Zbyt krótka sesja (< 30 min): 1
b0be6fd1-5c43-4932-8fd3-2e90ce997ab5.zip,Brak danych o mocy (power): 16
b0c95961-3a2f-4efa-bddf-79a3f7c3ce34.zip,
b0cda3c6-c708-4589-90d5-d9fcfe022f79.zip,
b1adbb3e-e981-47d3-ae01-2c88ebe979d4.zip,
b2fa1434-9622-473d-a0b4-ae41bd605ed6.zip,
b3c8808d-aad8-4d96-8b7a-9e0a91094727.zip,
b3ebcf56-0c7b-446b-8571-9869c29023c0.zip,Brak danych o mocy (power): 3
b5487d88-8a91-4a48-8b6a-bd5d16dd9038.zip,Brak danych o mocy (power): 15
b5c4a8c2-90b6-429c-a564-a73883121427.zip,Brak danych o mocy (power): 6
b6a0a327-8cff-4f2b-8697-df3730d5577b.zip,Zbyt krótka sesja (< 30 min): 1
b722cd33-8986-4ee2-843c-5c5c116fd74f.zip,Brak danych o mocy (power): 77; Zbyt krótka sesja (< 30 min): 13
b826b7fc-50d0-473f-aaf2-29a64f237599.zip,Brak danych o mocy (power): 40
b834585f-aafb-4b45-9b0c-34f0515b537f.zip,
bc0b27c3-866f-43e7-a5cf-6a6e9347bfaa.zip,
bc31e610-93ef-428e-80be-1f765cf3973c.zip,Brak danych o mocy (power): 237; Zbyt krótka sesja (< 30 min): 39
bc39f95b-42eb-40cb-bf11-445e7ce674af.zip,
bd6beac9-637d-4e57-9dde-dfca56ae31cc.zip,Brak danych o mocy (power): 159; Zbyt krótka sesja (< 30 min): 39
be154e36-2ac7-4b57-913e-a6daac71ab32.zip,
bfbd4d46-3d75-41eb-86c8-97f83787e952.zip,Zbyt krótka sesja (< 30 min): 4
c1501f6a-07c7-43ea-baf2-255252432bb1.zip,
c1592c99-8c99-4311-a0e5-68cdcd8793c2.zip,
c2d2cbe4-a8b8-4e26-8dae-f5044f3df96f.zip,Brak danych o mocy (power): 234; Zbyt krótka sesja (< 30 min): 10
c302b5c1-0562-4856-b1b2-114b996ae922.zip,Brak danych o mocy (power): 250; Zbyt krótka sesja (< 30 min): 1
c389bff2-b87f-4126-9f2e-7665bdf72c88.zip,Brak danych o mocy (power): 647; Zbyt krótka sesja (< 30 min): 24
c4690f9f-d0c9-493d-8473-263ba65b05eb.zip,Zbyt krótka sesja (< 30 min): 5
c68f1cd7-f3f0-47d1-985e-84b0df4f4b3c.zip,Brak danych o mocy (power): 177; Zbyt krótka sesja (< 30 min): 18
c6f264cb-d5c7-4c7b-a892-55de31d7c14c.zip,Brak danych o mocy (power): 8; Zbyt krótka sesja (< 30 min): 2
c71d9adb-f0df-4c81-9247-5e456ecad077.zip,
c7ad7e99-965b-4022-b937-5ab674e92aaf.zip,Brak danych o mocy (power): 14; Zbyt krótka sesja (< 30 min): 1
c80f3294-abbd-47f3-abdf-7b8ec2d1f78e.zip,Brak danych o mocy (power): 256; Zbyt krótka sesja (< 30 min): 95
c91cc904-22c1-4891-958d-0b7bee5ea5c0.zip,Brak danych o mocy (power): 6
c979f1fc-bf1f-4d81-901e-bcc53569e81a.zip,Brak danych o mocy (power): 13; Zbyt krótka sesja (< 30 min): 52
cacf0f8c-8e4e-4564-9c2d-0ed976763819.zip,
caf8882d-9440-4bdb-b8d7-0b92a744f512.zip,Zbyt krótka sesja (< 30 min): 1
cb38625a-ef5f-49b0-9028-548fa99c2c5a.zip,Brak danych o mocy (power): 5
cb57704a-4cd7-4647-9824-251543d5c1c6.zip,Brak danych o mocy (power): 5
cba8a1ad-49c3-4ef1-a1cb-3e96a1389f44.zip,Zbyt krótka sesja (< 30 min): 4
cc8a03e4-5d9a-4d92-be4b-d3b18c052fae.zip,Zbyt krótka sesja (< 30 min): 3
cc9a15f2-46a2-4e36-aff2-a69c8af0a2c4.zip,Brak danych o mocy (power): 7; Zbyt krótka sesja (< 30 min): 4
cd4312bb-b904-48eb-9f57-ee4ee47ef660.zip,
ce266fe8-eaa1-40a6-a8c3-702e48b285c1.zip,Brak danych o mocy (power): 21; Zbyt krótka sesja (< 30 min): 1
cfc78de2-7fcf-4318-90a3-ba3e918ff945.zip,
d0630bec-eafa-4c47-99d2-93a058061dac.zip,
d1d1c0ff-aa93-4f38-9ec9-e18221a99880.zip,Brak danych o mocy (power): 1
d1f3a873-579a-4646-9435-08c7f1a53c44.zip,Brak danych o mocy (power): 285; Zbyt krótka sesja (< 30 min): 953
d2506129-d825-472d-845b-e12b9c675c32.zip,Brak danych o mocy (power): 59; Zbyt krótka sesja (< 30 min): 1
d2ccc60b-12c3-4051-8f59-59070e36bb83.zip,Brak danych o mocy (power): 1
d2d81379-0417-42a7-94f7-0b9966c966e5.zip,Brak danych o mocy (power): 189; Zbyt krótka sesja (< 30 min): 27
d39d52e8-232e-4ad0-8a18-e2ded2096a3d.zip,Zbyt krótka sesja (< 30 min): 31
d3b45db0-048d-4634-a22f-2adea64bc9cf.zip,Brak danych o mocy (power): 976; Zbyt krótka sesja (< 30 min): 74
d4a4961c-0212-4a92-94b3-57da5296dcfa.zip,
d4d931e4-22e7-4d5d-9617-517aaf9fd3fa.zip,Brak danych o mocy (power): 46; Zbyt krótka sesja (< 30 min): 2
d5218f87-c991-44a2-8900-1e6590e9c334.zip,Brak danych o mocy (power): 2; Zbyt krótka sesja (< 30 min): 7
d52ea5a4-33e5-4948-8440-621ad5a17a69.zip,Brak danych o mocy (power): 230; Zbyt krótka sesja (< 30 min): 37
d5beb50a-9737-48a9-8fc4-1d1b606dc3e9.zip,Brak danych o mocy (power): 20; Zbyt krótka sesja (< 30 min): 31
d61a374f-81c3-49bf-9488-ad0bc9f3b6cd.zip,Brak danych o mocy (power): 8; Zbyt krótka sesja (< 30 min): 5
d697d9ec-99aa-4006-956b-a27d6fa76d89.zip,Zbyt krótka sesja (< 30 min): 2
d7b5ffc5-0b08-4b6f-a416-c435f6466a4d.zip,Brak danych o mocy (power): 37
d7be4460-3323-4d1a-beca-732ec0e79814.zip,Brak danych o mocy (power): 20; Zbyt krótka sesja (< 30 min): 1
d7ca5b10-3928-41d7-a505-c69c7420a6de.zip,Brak danych o mocy (power): 128; Zbyt krótka sesja (< 30 min): 24
d80e51bd-1c03-49c5-b8ef-ebf32e18e420.zip,
d9cbb735-f544-40f0-be54-d56679cc1056.zip,
d9e4e8a4-2a85-474d-867d-4d5f2517a683.zip,Brak danych o mocy (power): 1252; Zbyt krótka sesja (< 30 min): 190
da007600-104d-4bbc-8678-e2d396ff9ef8.zip,Brak danych o mocy (power): 144; Zbyt krótka sesja (< 30 min): 18
da70f9f5-e0d4-4c7a-9304-03602634ad8d.zip,Brak danych o mocy (power): 110; Zbyt krótka sesja (< 30 min): 2
da732224-f6ea-4ac0-a23c-1dc9f04ed32c.zip,Brak danych o mocy (power): 211; Zbyt krótka sesja (< 30 min): 23
dbbd234f-c3dc-4224-b45b-29c47a333ab4.zip,
dc88161a-05dd-4dbd-a9dc-78f8762e44a7.zip,Brak danych o mocy (power): 12
dd821fde-fb31-4b04-a4a9-b3623f7edd0f.zip,Zbyt krótka sesja (< 30 min): 3
de0a9db4-9fc6-4a46-b4f9-934908f557c0.zip,Brak danych o mocy (power): 47; Zbyt krótka sesja (< 30 min): 2
e03aeb8c-8935-4375-b839-eaa54707e550.zip,Brak danych o mocy (power): 257; Zbyt krótka sesja (< 30 min): 234
e079068b-f72c-4cd7-8015-86ef7464a299.zip,
e0f6cdcd-70dd-4bab-8866-1bcb6482dba0.zip,
e18760af-8fc6-438b-8721-d2439890b3ab.zip,Brak danych o mocy (power): 438; Zbyt krótka sesja (< 30 min): 125
e1d39b4a-f712-4478-8296-2130dc8565df.zip,Zbyt krótka sesja (< 30 min): 1
e46bcc87-f669-4c13-a69d-fb55a0944f3b.zip,Brak danych o mocy (power): 269; Zbyt krótka sesja (< 30 min): 35
e523e563-f01f-4027-92f8-c3371a956cd2.zip,Brak danych o mocy (power): 166; Zbyt krótka sesja (< 30 min): 63
e5419ba0-bf17-42ae-8818-c63746cd7660.zip,
e6d6cfb7-33d9-42c7-932f-ecbc78766df4.zip,Brak danych o mocy (power): 15; Zbyt krótka sesja (< 30 min): 13
e7f65f0d-1608-4557-838c-1e5fb4007955.zip,Brak danych o mocy (power): 34; Zbyt krótka sesja (< 30 min): 1
e8bd6322-44b7-48cc-838d-5085e01d7d34.zip,Brak danych o mocy (power): 76
e8d3e7ef-b1ab-4a77-807a-1cbcff33c8cd.zip,Brak danych o mocy (power): 148; Zbyt krótka sesja (< 30 min): 6
eb14d530-bc65-4c8c-8ae7-2a27e892e101.zip,
ecf73523-16ec-482d-88bc-1c5b47cde52e.zip,Brak danych o mocy (power): 306; Zbyt krótka sesja (< 30 min): 40
ed255e3f-a238-44e2-9794-f4be100d1f32.zip,Brak danych o mocy (power): 10
edd8e308-4dee-4bc8-b486-276d93a4488c.zip,
ee3e9436-e743-46c9-afbc-b20891ab18eb.zip,Brak danych o mocy (power): 52; Zbyt krótka sesja (< 30 min): 1
efeaba8c-c0de-45c9-81a3-35d32a36fd33.zip,Brak danych o mocy (power): 10
f1d02c2e-9d94-42b5-8452-c2db9610d229.zip,Brak danych o mocy (power): 44; Zbyt krótka sesja (< 30 min): 2
f21e17ad-08f2-4c8b-9f2d-29c2d4d94ac2.zip,Brak danych o mocy (power): 1085; Zbyt krótka sesja (< 30 min): 306
f2be3b74-be7c-4066-8730-4255cf774403.zip,Brak danych o mocy (power): 9
f366fbf0-48c3-4b6f-ae68-8fa9a6b1b4cb.zip,Brak danych o mocy (power): 43; Zbyt krótka sesja (< 30 min): 31
f45d45bf-2a10-45c8-b3f5-d385dd2c38da.zip,
f4913346-7a0d-4fbc-9aaa-353daaa663ff.zip,Brak danych o mocy (power): 250; Zbyt krótka sesja (< 30 min): 88
f5780e24-9e67-4464-b151-d1e7c0662045.zip,Brak danych o mocy (power): 2; Zbyt krótka sesja (< 30 min): 7
f5eb558d-be1d-416f-8808-68539a43633f.zip,Brak danych o mocy (power): 16; Zbyt krótka sesja (< 30 min): 4
f74c58af-b3ac-44a3-838c-a2c6e0ee0479.zip,Brak danych o mocy (power): 10
f75345b3-5260-4694-a7df-873befe26526.zip,Brak danych o mocy (power): 290; Zbyt krótka sesja (< 30 min): 15
f864cebd-518a-4e0b-932d-5405101ea217.zip,
f8dc5422-d855-4e03-855d-10e3b4758e18.zip,
f9ed8887-3234-4dd7-b1b0-ee9c2600fc76.zip,Brak danych o mocy (power): 76; Zbyt krótka sesja (< 30 min): 5
f9f23c47-3532-478c-804b-0ea4e8ef9bb5.zip,Brak danych o mocy (power): 379; Zbyt krótka sesja (< 30 min): 52
fa0ee66f-5659-46f3-a5f1-95c994930703.zip,Brak danych o mocy (power): 22
faa5a6b5-bf45-4629-b0c9-75ff4117851a.zip,Brak danych o mocy (power): 18; Zbyt krótka sesja (< 30 min): 5
fb17d3f2-64d6-444a-8991-07d94c65a2d4.zip,Brak danych o mocy (power): 781; Zbyt krótka sesja (< 30 min): 4
fbfd150e-84bd-4da1-98d7-9994f6dd54e4.zip,Brak danych o mocy (power): 20
fc1f3ecd-7bb9-4051-b2bf-c2d76c0e6882.zip,Brak danych o mocy (power): 79; Zbyt krótka sesja (< 30 min): 4
fccc8585-5a8b-4be8-bfe2-266106dd1506.zip,Zbyt krótka sesja (< 30 min): 3
