Feature,Importance
mmp_10min,0.83677644
mean_power,0.028167266
median_power,0.019624433
high_intensity_fraction,0.01863282
power_p75,0.0126430625
power_zone_200_300_fraction,0.0108942725
low_intensity_fraction,0.008847054
power_zone_0_100_fraction,0.0048277252
power_zone_300_400_fraction,0.0046915943
moderate_intensity_fraction,0.003432994
power_hr_decoupling_pct,0.0029447738
distance_km,0.002781248
duration_sec,0.002745975
power_zone_400_plus_fraction,0.0022873257
hr_std,0.0021298525
mmp_5min,0.0020713622
hr_drift_simple,0.001863988
elevation_gain_m,0.0018059539
moving_time_sec,0.0017520556
hr_p90,0.0017301415
power_p95,0.0016406967
power_p90,0.0016306315
mean_power_to_mean_hr,0.0015947674
power_p25,0.0015710153
mmp_3min,0.0015685229
power_cv,0.0015418336
zero_power_fraction,0.0014620643
time_above_mean_power_fraction,0.0014401341
mean_hr,0.0013406825
mean_cadence,0.0013143232
cadence_std,0.0012695269
power_zone_100_200_fraction,0.0012511503
median_cadence,0.0012468682
hr_p75,0.001212407
median_hr,0.0012043933
max_hr,0.0010501964
mmp_1min,0.0010348662
zero_cadence_fraction,0.00096494064
power_std,0.00092210417
hr_p25,0.0009080526
mmp_30s,0.0008411607
max_power,0.00076262216
valid_samples_fraction,0.000510445
missing_cadence_fraction,0.00043629002
missing_hr_fraction,0.0004358602
missing_power_fraction,0.0001941237
