Variant,Model,MAE,RMSE,R2,MedAE,Test_Records
Variant_A,Ridge,0.001625276678796874,0.002378737646045953,0.9999999977638162,0.0010697707007807367,33496
Variant_A,RandomForest,0.0025746015069245606,0.02376957100275051,0.9999997767162622,0.0011083167082830414,33496
Variant_A,XGBoost,0.305781400697085,0.8670573908836952,0.999702894907595,0.18099861653645632,33496
Variant_B,Ridge,7.05597638034333,10.327051919214684,0.9578529553336441,4.644302695372474,33496
Variant_B,RandomForest,6.619325312409632,9.812889689697146,0.961945305464881,4.376061687982087,33496
Variant_B,XGBoost,6.54566679547873,9.680097377189501,0.9629682821488046,4.328916137695288,33496
Variant_C,Ridge,12.79124131166245,17.59751038601092,0.8776181914209791,9.792006644205088,33496
Variant_C,RandomForest,10.359136479385619,14.803196153061664,0.9133985039865,7.422102207185432,33496
Variant_C,XGBoost,10.289058858395236,14.492549625616316,0.916995048734142,7.342608256022146,33496
