Feature,Mean_Abs_SHAP
mmp_10min,32.737885
mean_power,3.6863914
power_hr_decoupling_pct,1.4279379
duration_sec,1.3890264
power_p75,1.1912092
mmp_5min,0.9979466
median_power,0.9618591
distance_km,0.9594346
high_intensity_fraction,0.9170371
power_zone_200_300_fraction,0.8626584
hr_std,0.8534032
hr_drift_simple,0.80244744
moving_time_sec,0.65274096
low_intensity_fraction,0.5854837
hr_p90,0.57748
power_zone_0_100_fraction,0.4988348
elevation_gain_m,0.4705566
time_above_mean_power_fraction,0.44044748
mmp_3min,0.3863052
power_p25,0.38041812
mean_power_to_mean_hr,0.35240218
zero_power_fraction,0.34012717
mmp_30s,0.33687338
max_hr,0.33519146
power_zone_300_400_fraction,0.31274936
hr_p75,0.28560588
cadence_std,0.28402022
power_zone_400_plus_fraction,0.28223103
power_cv,0.27701342
moderate_intensity_fraction,0.27410147
max_power,0.27271485
power_p90,0.26980826
median_cadence,0.21314007
mmp_1min,0.19997628
median_hr,0.17009625
hr_p25,0.16735329
zero_cadence_fraction,0.1655314
mean_cadence,0.15899356
power_std,0.14382693
power_p95,0.14338847
power_zone_100_200_fraction,0.13143997
mean_hr,0.09690615
missing_hr_fraction,0.06626062
valid_samples_fraction,0.0406032
missing_cadence_fraction,0.018216139
missing_power_fraction,0.0022764325
